<annotation>
	<folder>my-project-name</folder>
	<filename>extract0009.jpg</filename>
	<path>/my-project-name/extract0009.jpg</path>
	<source>
		<database>Unspecified</database>
	</source>
	<size>
		<width>1280</width>
		<height>960</height>
		<depth>3</depth>
	</size>
	<object>
		<name>Truck</name>
		<pose>Unspecified</pose>
		<truncated>Unspecified</truncated>
		<difficult>Unspecified</difficult>
		<bndbox>
			<xmin>459</xmin>
			<ymin>208</ymin>
			<xmax>994</xmax>
			<ymax>813</ymax>
		</bndbox>
	</object>
	<object>
		<name>Car</name>
		<pose>Unspecified</pose>
		<truncated>Unspecified</truncated>
		<difficult>Unspecified</difficult>
		<bndbox>
			<xmin>2</xmin>
			<ymin>441</ymin>
			<xmax>263</xmax>
			<ymax>766</ymax>
		</bndbox>
	</object>
	<object>
		<name>Car</name>
		<pose>Unspecified</pose>
		<truncated>Unspecified</truncated>
		<difficult>Unspecified</difficult>
		<bndbox>
			<xmin>275</xmin>
			<ymin>485</ymin>
			<xmax>331</xmax>
			<ymax>544</ymax>
		</bndbox>
	</object>
	<object>
		<name>Car</name>
		<pose>Unspecified</pose>
		<truncated>Unspecified</truncated>
		<difficult>Unspecified</difficult>
		<bndbox>
			<xmin>345</xmin>
			<ymin>473</ymin>
			<xmax>404</xmax>
			<ymax>526</ymax>
		</bndbox>
	</object>
	<object>
		<name>Car</name>
		<pose>Unspecified</pose>
		<truncated>Unspecified</truncated>
		<difficult>Unspecified</difficult>
		<bndbox>
			<xmin>223</xmin>
			<ymin>485</ymin>
			<xmax>292</xmax>
			<ymax>548</ymax>
		</bndbox>
	</object>
</annotation>